Metric,Value
mIoU,94.45961713790894
OA,97.64525294303894
mAcc,97.26445078849792
Precision,97.70220518112183
Recall,97.64525294303894
F1_score,97.67367562481026
