File,mIoU,Accuracy,F1_Score
bridge-3.h5,93.59729886054993,97.22029566764832,97.26313536192141
bridge-7.h5,94.45961713790894,97.64525294303894,97.67367562481026
