Class,IoU
Background,94.73685
Pier,96.55172
Girder,80.434784
Deck,84.31373
Parapet,87.5286
