Metric,Value
mIoU,81.87562823295593
OA,89.61126208305359
mAcc,89.22950625419617
Precision,90.78527688980103
Recall,89.61126208305359
F1_score,90.19440100704223
