Metric,Value
mIoU,88.71313333511353
OA,93.32548379898071
mAcc,94.11895871162415
Precision,93.74250173568726
Recall,93.32548379898071
F1_score,93.53347578345803
