Metric,Value
mIoU,77.18127965927124
OA,87.05326914787292
mAcc,86.30666732788086
Precision,88.6367678642273
Recall,87.0532751083374
F1_score,87.83783708050674
