Class,Accuracy
Background,92.753624
Pier,72.01258
Girder,86.451614
Deck,96.91781
Parapet,98.01193
