Metric,Value
mIoU,85.87754964828491
OA,91.8774962425232
mAcc,91.97686314582825
Precision,92.55332946777344
Recall,91.8774962425232
F1_score,92.21412449897048
