Class,IoU
Background,88.63636
Pier,93.29897
Girder,75.82418
Deck,80.26906
Parapet,93.67088
