Class,IoU
Background,96.774185
Pier,89.808914
Girder,70.52023
Deck,76.37363
Parapet,95.91078
