Metric,Value
mIoU,86.33989095687866
OA,92.96875
mAcc,91.62498712539673
Precision,93.40418577194214
Recall,92.96875
F1_score,93.1859067186145
