Class,IoU
Background,89.47369
Pier,66.78322
Girder,59.079285
Deck,76.115486
Parapet,94.45471
