Class,IoU
Background,93.64099
Pier,84.65755
Girder,70.103325
Deck,79.972984
Parapet,92.353195
