Metric,Value
mIoU,84.14561152458191
OA,90.95410704612732
mAcc,91.01295471191406
Precision,91.5286660194397
Recall,90.9541130065918
F1_score,91.2404348132963
