Metric,Value
mIoU,78.03534865379333
OA,93.11767816543579
mAcc,84.45329666137695
Precision,92.98365712165833
Recall,93.11767220497131
F1_score,93.05056567224113
