Class,IoU
Background,90.86538
Pier,69.68315
Girder,86.643845
Deck,77.1573
Parapet,53.35647
