Metric,Value
mIoU,75.54122805595398
OA,92.38330125808716
mAcc,80.35548329353333
Precision,92.4254298210144
Recall,92.38330125808716
F1_score,92.40430970609773
