Class,IoU
Background,94.8408
Pier,91.72331
Girder,79.72915
Deck,78.15141
Parapet,45.73207
