Class,Accuracy
Background,98.651085
Pier,93.24439
Girder,90.16424
Deck,84.961525
Parapet,55.245255
