File,mIoU,Accuracy,F1_Score
cb6.h5,75.54122805595398,92.38330125808716,92.40430970609773
cb9.h5,78.03534865379333,93.11767816543579,93.05056567224113
