Class,Accuracy
Background,98.65116
Pier,86.3446
Girder,91.846504
Deck,83.349815
Parapet,56.459713
