Metric,Value
mIoU,77.71596312522888
OA,92.75048971176147
mAcc,83.33036303520203
Precision,92.65110492706299
Recall,92.75048971176147
F1_score,92.70071996069078
