Class,IoU
Background,92.789185
Pier,84.91275
Girder,83.44804
Deck,77.68616
Parapet,49.7437
