Class,IoU
Background,96.3927
Pier,99.009476
Girder,94.966675
Deck,93.60013
Parapet,95.50643
