Metric,Value
mIoU,95.38846015930176
OA,97.55487442016602
mAcc,97.64607548713684
Precision,97.5563645362854
Recall,97.55487442016602
F1_score,97.55556715605987
