Metric,Value
mIoU,95.89508175849915
OA,97.82914519309998
mAcc,97.75541424751282
Precision,97.83581495285034
Recall,97.82914519309998
F1_score,97.83243198474229
