File,mIoU,Accuracy,F1_Score
cb6.h5,95.89508175849915,97.82914519309998,97.83243198474229
cb9.h5,95.38846015930176,97.55487442016602,97.55556715605987
