Class,IoU
Background,95.81821
Pier,98.62937
Girder,94.24853
Deck,93.42488
Parapet,94.82132
