Class,Accuracy
Background,98.26293
Pier,99.471985
Girder,97.28938
Deck,95.55053
Parapet,97.655525
