Metric,Value
mIoU,95.64574956893921
OA,97.69453406333923
mAcc,97.70175814628601
Precision,97.69667387008667
Recall,97.69453406333923
F1_score,97.6955562992912
