Class,IoU
Background,96.10969
Pier,98.82268
Girder,94.61157
Deck,93.514175
Parapet,95.17063
