Class,IoU
Background,90.592834
Pier,91.12956
Girder,89.64279
Deck,94.887695
Parapet,95.33054
