Class,IoU
Background,93.64349
Pier,95.21155
Girder,89.51836
Deck,92.63803
Parapet,94.469925
