Class,IoU
Background,93.41702
Pier,93.83865
Girder,90.327385
Deck,94.7108
Parapet,94.37204
