Class,IoU
Background,86.98338
Pier,93.19813
Girder,88.15174
Deck,95.96619
Parapet,96.31662
