Class,IoU
Background,86.86502
Pier,92.115135
Girder,83.801605
Deck,91.451355
Parapet,93.90782
