Metric,Value
mIoU,92.12321043014526
OA,96.63775563240051
mAcc,95.84595561027527
Precision,96.64902687072754
Recall,96.63775563240051
F1_score,96.64334675358181
