Metric,Value
mIoU,89.6281898021698
OA,95.10688185691833
mAcc,94.50167417526245
Precision,95.1223611831665
Recall,95.10688781738281
F1_score,95.11457448019517
