Class,Accuracy
Background,93.602005
Pier,92.43696
Girder,97.44635
Deck,97.928986
Parapet,97.50054
