Metric,Value
mIoU,93.09626817703247
OA,96.47535681724548
mAcc,96.54989242553711
Precision,96.49419784545898
Recall,96.475350856781
F1_score,96.48472256377512
