File,mIoU,Accuracy,F1_Score
cb6.h5,97.13907241821289,98.62361550331116,98.63196582143183
cb9.h5,96.00260853767395,98.14130663871765,98.15088756640583
