Metric,Value
mIoU,97.13907241821289
OA,98.62361550331116
mAcc,98.45029711723328
Precision,98.64040613174438
Recall,98.62362146377563
F1_score,98.63196582143183
