Class,IoU
Background,93.7095
Pier,98.75821
Girder,96.75297
Deck,94.69869
Parapet,96.09367
