Class,Accuracy
Background,98.533714
Pier,99.10803
Girder,98.782265
Deck,96.141464
Parapet,99.68604
