Metric,Value
mIoU,96.00260853767395
OA,98.14130663871765
mAcc,98.16280603408813
Precision,98.16056489944458
Recall,98.14130663871765
F1_score,98.15088756640583
