Class,IoU
Background,94.960526
Pier,98.83853
Girder,97.2594
Deck,95.17612
Parapet,96.65013
