Metric,Value
mIoU,96.57694697380066
OA,98.38692545890808
mAcc,98.30921292304993
Precision,98.40373992919922
Recall,98.3869194984436
F1_score,98.39527924560281
