Class,IoU
Background,96.20289
Pier,98.91607
Girder,97.750435
Deck,95.63851
Parapet,97.18746
