Class,IoU
Background,26.616037
Abumtment,68.49266
Girder,26.654411
Deck,31.273981
Parapet,89.48068
