Metric,Value
mIoU,93.13316345214844
OA,97.88325428962708
mAcc,97.09783792495728
Precision,97.98388481140137
Recall,97.88326025009155
F1_score,97.93349771886669
