Metric,Value
mIoU,68.1710422039032
OA,85.22354364395142
mAcc,82.3474109172821
Precision,86.96615099906921
Recall,85.22355556488037
F1_score,86.0859824386637
