Metric,Value
mIoU,48.50355684757233
OA,68.90999674797058
mAcc,66.15247130393982
Precision,72.48895168304443
Recall,68.91000270843506
F1_score,70.65413228570418
