File,mIoU,Accuracy,F1_Score
bridge-2.h5,59.35920476913452,91.63722395896912,92.78583282085287
bridge-7.h5,93.13316345214844,97.88325428962708,97.93349771886669
