Class,IoU
Background,80.43461
Abumtment,96.100105
Girder,93.696594
Deck,96.000885
Parapet,99.43365
