Metric,Value
mIoU,59.35920476913452
OA,91.63722395896912
mAcc,70.08177638053894
Precision,93.96369457244873
Recall,91.6372299194336
F1_score,92.78583282085287
