Metric,Value
mIoU,86.66461706161499
OA,95.41941285133362
mAcc,94.32963132858276
Precision,96.11029624938965
Recall,95.4194188117981
F1_score,95.76356060914335
