Class,IoU
Background,61.873413
Abumtment,96.61391
Girder,85.07813
Deck,90.703735
Parapet,99.05389
