Class,IoU
Background,95.62842
Pier,98.26339
Girder,94.01198
Deck,94.47853
Parapet,96.38752
