Class,IoU
Background,88.26816
Pier,97.64151
Girder,94.52496
Deck,94.03203
Parapet,96.17347
