File,mIoU,Accuracy,F1_Score
cb6.h5,95.75396776199341,97.90544509887695,97.91731048520755
cb9.h5,94.12802457809448,97.57839441299438,97.60952552290479
