Metric,Value
mIoU,94.12802457809448
OA,97.57839441299438
mAcc,97.67104387283325
Precision,97.64077663421631
Recall,97.57839441299438
F1_score,97.60952552290479
