Metric,Value
mIoU,95.75396776199341
OA,97.90544509887695
mAcc,97.56553769111633
Precision,97.92927503585815
Recall,97.90544509887695
F1_score,97.91731048520755
