Class,Accuracy
Background,97.765366
Pier,98.691864
Girder,95.44073
Deck,96.09984
Parapet,99.82993
