Metric,Value
mIoU,95.27126550674438
OA,97.95317649841309
mAcc,97.73335456848145
Precision,97.97754287719727
Recall,97.95317649841309
F1_score,97.96530745622304
