Class,IoU
Background,91.68087
Pier,98.32986
Girder,94.908165
Deck,94.89638
Parapet,96.541084
