Metric,Value
mIoU,93.3331847190857
OA,96.60729765892029
mAcc,96.20534777641296
Precision,96.697998046875
Recall,96.60729169845581
F1_score,96.65257321408195
