Class,Accuracy
Background,93.438705
Pier,98.28283
Girder,91.20416
Deck,97.596565
Parapet,98.707535
