Metric,Value
mIoU,92.31668710708618
OA,96.36874198913574
mAcc,95.78297734260559
Precision,96.45103216171265
Recall,96.36873602867126
F1_score,96.40981828108593
