Metric,Value
mIoU,92.4905776977539
OA,96.35770320892334
mAcc,96.01699709892273
Precision,96.37448787689209
Recall,96.35770320892334
F1_score,96.36604707300121
