Class,IoU
Background,91.36571
Pier,93.507744
Girder,88.95981
Deck,93.82198
Parapet,94.79764
