Class,Accuracy
Background,97.765366
Pier,99.12791
Girder,99.24013
Deck,96.09984
Parapet,99.234695
