Class,IoU
Background,97.22222
Pier,98.69754
Girder,98.04805
Deck,94.91525
Parapet,96.84647
