Class,IoU
Background,93.452385
Pier,96.993675
Girder,94.53125
Deck,94.548065
Parapet,95.94478
