Class,Accuracy
Background,98.74214
Pier,97.147385
Girder,99.18033
Deck,97.48521
Parapet,97.117905
