Metric,Value
mIoU,95.09402513504028
OA,97.67153263092041
mAcc,97.93459177017212
Precision,97.71561622619629
Recall,97.67153263092041
F1_score,97.69351951099749
