File,mIoU,Accuracy,F1_Score
cb6.h5,97.14590311050415,98.53380918502808,98.53785087007434
cb9.h5,95.09402513504028,97.67153263092041,97.69351951099749
