Metric,Value
mIoU,97.14590311050415
OA,98.53380918502808
mAcc,98.29357862472534
Precision,98.54198694229126
Recall,98.53380918502808
F1_score,98.53785087007434
