Class,IoU
Background,94.76691
Pier,98.20315
Girder,96.3683
Deck,95.50807
Parapet,96.55114
