Metric,Value
mIoU,96.27951383590698
OA,98.24066758155823
mAcc,97.98974990844727
Precision,98.25015068054199
Recall,98.24067950248718
F1_score,98.2453622304163
