Metric,Value
mIoU,93.52795481681824
OA,98.82665872573853
mAcc,95.39383053779602
Precision,98.8174557685852
Recall,98.82665872573853
F1_score,98.82200772280349
