Metric,Value
mIoU,78.46240997314453
OA,98.78027439117432
mAcc,80.92770576477051
Precision,98.73721599578857
Recall,98.78027439117432
F1_score,98.75868983222519
