Class,IoU
Background,99.03953
Pier,97.200584
Girder,98.52161
Deck,96.81712
Parapet,76.97889
