Class,IoU
Background,99.0156
Pier,93.56181
Girder,99.10413
Deck,92.043396
Parapet,92.20739
