Metric,Value
mIoU,95.78500986099243
OA,99.30029511451721
mAcc,97.55814671516418
Precision,99.3004560470581
Recall,99.30029511451721
F1_score,99.30032735063088
