Class,IoU
Background,99.02126
Pier,97.01185
Girder,98.264084
Deck,96.17802
Parapet,77.16455
