Metric,Value
mIoU,76.40901207923889
OA,97.81543016433716
mAcc,98.03622364997864
Precision,98.9304780960083
Recall,97.81542420387268
F1_score,98.36974487012317
