Class,IoU
Background,97.34908
Pier,97.33006
Girder,96.83143
Deck,97.727135
Parapet,82.32871
