Class,Accuracy
Background,99.560875
Pier,96.045235
Girder,99.897255
Deck,98.104866
Parapet,94.18249
