Metric,Value
mIoU,68.47476959228516
OA,95.84912061691284
mAcc,71.38902544975281
Precision,95.86666822433472
Recall,95.84911465644836
F1_score,95.85783985474191
