Class,Accuracy
Background,99.122505
Pier,94.98718
Girder,99.22833
Deck,97.587845
Parapet,94.58194
