Metric,Value
mIoU,96.68347239494324
OA,99.20458793640137
mAcc,97.98802137374878
Precision,99.20558333396912
Recall,99.20458793640137
F1_score,99.20503185247479
