Metric,Value
mIoU,96.4504063129425
OA,99.37158226966858
mAcc,97.85212278366089
Precision,99.37124848365784
Recall,99.37158226966858
F1_score,99.3713659821556
