Class,IoU
Background,99.48383
Pier,96.22706
Girder,99.144455
Deck,92.38606
Parapet,95.010635
