Metric,Value
mIoU,93.72188448905945
OA,98.02539348602295
mAcc,97.62045741081238
Precision,98.09167385101318
Recall,98.02539348602295
F1_score,98.05847259482073
