Metric,Value
mIoU,70.16940712928772
OA,95.42236328125
mAcc,73.73006939888
Precision,95.48909664154053
Recall,95.42235732078552
F1_score,95.45566369112099
