Class,Accuracy
Background,99.61349
Pier,98.764084
Girder,99.376495
Deck,99.34812
Parapet,92.83792
