Metric,Value
mIoU,94.91955637931824
OA,98.82568120956421
mAcc,97.10155725479126
Precision,98.825603723526
Recall,98.82569313049316
F1_score,98.82560292370299
