Metric,Value
mIoU,96.51728868484497
OA,99.67822432518005
mAcc,97.99312353134155
Precision,99.67800974845886
Recall,99.67821836471558
F1_score,99.67806805533297
