Class,IoU
Background,13.095239
Pier,93.51672
Girder,98.94664
Deck,95.87013
Parapet,90.88329
