Metric,Value
mIoU,95.18647193908691
OA,99.1162121295929
mAcc,97.13829159736633
Precision,99.11599159240723
Recall,99.11620616912842
F1_score,99.11605024993851
