Metric,Value
mIoU,94.22353506088257
OA,98.66943359375
mAcc,97.4042534828186
Precision,98.68766069412231
Recall,98.66942763328552
F1_score,98.67849887244532
