Class,IoU
Background,98.34144
Pier,97.87456
Girder,96.41873
Deck,96.63582
Parapet,92.42694
