Class,IoU
Background,98.54868
Pier,97.36601
Girder,98.21131
Deck,93.975426
Parapet,96.131226
