Metric,Value
mIoU,92.9177463054657
OA,98.52978587150574
mAcc,96.42901420593262
Precision,98.55844378471375
Recall,98.52978587150574
F1_score,98.5440642145471
