Class,Accuracy
Background,99.80878
Pier,98.008194
Girder,99.326706
Deck,99.06945
Parapet,81.570366
