Metric,Value
mIoU,71.98468446731567
OA,96.17480635643005
mAcc,74.82080459594727
Precision,96.23721837997437
Recall,96.17480635643005
F1_score,96.20595482386179
