Class,IoU
Background,85.19861
Pier,89.744064
Girder,92.35236
Deck,93.00579
Parapet,74.43057
