Class,IoU
Background,99.78802
Pier,96.92177
Girder,99.507935
Deck,91.21496
Parapet,95.15374
