Class,IoU
Background,85.433044
Pier,85.24134
Girder,92.3683
Deck,96.25014
Parapet,72.682816
