Class,IoU
Background,90.8586
Pier,80.91903
Girder,96.26652
Deck,97.48509
Parapet,90.43554
