Class,IoU
Background,99.62833
Pier,96.881874
Girder,99.08312
Deck,95.394104
Parapet,79.8353
