Class,IoU
Background,98.55004
Pier,91.69646
Girder,97.57952
Deck,95.42807
Parapet,91.34367
