Metric,Value
mIoU,94.16454434394836
OA,99.21728372573853
mAcc,95.9333598613739
Precision,99.21355247497559
Recall,99.217289686203
F1_score,99.21536963139397
