Metric,Value
mIoU,91.19294881820679
OA,97.37695455551147
mAcc,94.33901906013489
Precision,97.3645567893982
Recall,97.376948595047
F1_score,97.37069976640504
