Metric,Value
mIoU,86.3951325416565
OA,95.32666206359863
mAcc,91.98174476623535
Precision,95.46698331832886
Recall,95.32665610313416
F1_score,95.39671837079732
