Metric,Value
mIoU,94.03311610221863
OA,98.74657988548279
mAcc,95.99769711494446
Precision,98.73327016830444
Recall,98.74657988548279
F1_score,98.73987880519351
