Metric,Value
mIoU,93.7115490436554
OA,98.89453053474426
mAcc,95.55670022964478
Precision,98.88136982917786
Recall,98.89453053474426
F1_score,98.8879016137201
