Class,IoU
Background,0.04382121
Pier,95.398476
Girder,97.363396
Deck,95.62074
Parapet,93.61861
