Class,Accuracy
Background,17.52988
Pier,96.484344
Girder,99.67481
Deck,98.030815
Parapet,92.91867
