Class,IoU
Background,97.21884
Pier,94.94484
Girder,96.50588
Deck,97.228546
Parapet,82.71131
