Metric,Value
mIoU,95.21692395210266
OA,99.2236316204071
mAcc,97.45635986328125
Precision,99.2211639881134
Recall,99.22362565994263
F1_score,99.2223390348662
