Class,Accuracy
Background,99.59684
Pier,95.934006
Girder,99.512794
Deck,98.794624
Parapet,94.04222
