Metric,Value
mIoU,68.83686780929565
OA,96.85254096984863
mAcc,72.88678884506226
Precision,96.81572914123535
Recall,96.85254693031311
F1_score,96.83408935383171
