Class,IoU
Background,98.57823
Pier,94.487434
Girder,98.45016
Deck,96.198975
Parapet,83.40287
