Class,IoU
Background,98.77817
Pier,97.038216
Girder,97.54362
Deck,97.3247
Parapet,79.48089
