Class,IoU
Background,99.21966
Pier,91.29947
Girder,98.82523
Deck,97.02419
Parapet,92.85162
