Metric,Value
mIoU,94.31328773498535
OA,98.43994379043579
mAcc,96.32200002670288
Precision,98.44503998756409
Recall,98.43993782997131
F1_score,98.44243960202031
