Metric,Value
mIoU,96.33949398994446
OA,98.81982207298279
mAcc,97.92733192443848
Precision,98.82261753082275
Recall,98.81982803344727
F1_score,98.82117145188354
