Metric,Value
mIoU,95.84404230117798
OA,99.12988543510437
mAcc,97.57609367370605
Precision,99.13201332092285
Recall,99.12987947463989
F1_score,99.13089575911408
