Class,IoU
Background,99.06677
Pier,92.49233
Girder,99.33161
Deck,91.12471
Parapet,94.0692
