Class,IoU
Background,99.36369
Pier,97.28938
Girder,98.63449
Deck,96.878555
Parapet,91.251274
