Class,IoU
Background,94.457375
Pier,0.0
Girder,90.629265
Deck,90.867165
Parapet,66.420044
