Metric,Value
mIoU,86.9462788105011
OA,94.21679973602295
mAcc,92.2332763671875
Precision,94.70157027244568
Recall,94.21679377555847
F1_score,94.45851258208192
