Metric,Value
mIoU,96.84653282165527
OA,98.97607564926147
mAcc,98.324453830719
Precision,98.97728562355042
Recall,98.97607564926147
F1_score,98.97662837443953
