Metric,Value
mIoU,75.60845613479614
OA,99.33935403823853
mAcc,76.98342204093933
Precision,99.34138059616089
Recall,99.33935403823853
F1_score,99.34031730344037
