Class,IoU
Background,98.56369
Pier,94.89069
Girder,97.459435
Deck,96.47943
Parapet,77.195465
