Class,Accuracy
Background,99.769936
Pier,97.65111
Girder,99.78334
Deck,96.472565
Parapet,95.58366
