Metric,Value
mIoU,93.72329711914062
OA,98.14820885658264
mAcc,96.0493266582489
Precision,98.14344048500061
Recall,98.14821481704712
F1_score,98.14577508663939
