Class,IoU
Background,97.18193
Pier,95.8704
Girder,97.334465
Deck,94.97806
Parapet,83.251625
