Metric,Value
mIoU,89.5075798034668
OA,96.85280919075012
mAcc,94.51419115066528
Precision,96.91905975341797
Recall,96.85280919075012
F1_score,96.88587795147964
