Class,Accuracy
Background,98.254944
Pier,96.00231
Girder,97.46994
Deck,93.681496
Parapet,87.162224
