Class,IoU
Background,95.04516
Pier,93.15266
Girder,95.90632
Deck,92.29013
Parapet,71.14361
