Metric,Value
mIoU,65.66389203071594
OA,97.42515087127686
mAcc,70.32811641693115
Precision,97.50252366065979
Recall,97.42514491081238
F1_score,97.4637700096491
