Metric,Value
mIoU,61.91340684890747
OA,97.35621809959412
mAcc,68.27982664108276
Precision,97.49515056610107
Recall,97.35621809959412
F1_score,97.42557977366988
