Metric,Value
mIoU,90.80113172531128
OA,96.99603915214539
mAcc,96.28156423568726
Precision,97.25338220596313
Recall,96.99604511260986
F1_score,97.1244907208087
