File,mIoU,Accuracy,F1_Score
bridge-3.h5,89.81558084487915,96.68113589286804,96.88503401168282
bridge-7.h5,90.80113172531128,96.99603915214539,97.1244907208087
