Metric,Value
mIoU,89.81558084487915
OA,96.68113589286804
mAcc,96.14230990409851
Precision,97.08989262580872
Recall,96.68113589286804
F1_score,96.88503401168282
