Metric,Value
mIoU,90.29396176338196
OA,96.83244824409485
mAcc,96.20922207832336
Precision,97.1032440662384
Recall,96.83244228363037
F1_score,96.96760603044781
