Class,Accuracy
Background,99.20531
Pier,92.53666
Girder,93.628845
Deck,65.917015
Parapet,87.32057
