Metric,Value
mIoU,92.53004789352417
OA,98.69629144668579
mAcc,96.24841809272766
Precision,98.69691133499146
Recall,98.69629144668579
F1_score,98.69655022002114
