Class,IoU
Background,98.8553
Pier,93.61881
Girder,95.196045
Deck,90.24345
Parapet,57.10681
