Metric,Value
mIoU,74.81328248977661
OA,92.30712652206421
mAcc,87.72168159484863
Precision,93.74578595161438
Recall,92.30712652206421
F1_score,93.02084093511858
