Class,IoU
Background,96.14866
Pier,85.70819
Girder,93.68971
Deck,91.24634
Parapet,67.267265
