Metric,Value
mIoU,82.55609273910522
OA,96.2939441204071
mAcc,93.91166567802429
Precision,97.46631383895874
Recall,96.2939441204071
F1_score,96.87653655509169
