Metric,Value
mIoU,75.43598413467407
OA,92.28515625
mAcc,87.76706457138062
Precision,94.37553286552429
Recall,92.28515028953552
F1_score,93.31858947219229
