Metric,Value
mIoU,87.530916929245
OA,97.5146472454071
mAcc,92.9141640663147
Precision,97.60734438896179
Recall,97.51465320587158
F1_score,97.56092560979513
