Metric,Value
mIoU,89.61800336837769
OA,97.37548828125
mAcc,95.78658938407898
Precision,97.5423812866211
Recall,97.37549424171448
F1_score,97.45881708599867
