Metric,Value
mIoU,84.82390642166138
OA,98.2592761516571
mAcc,92.5815224647522
Precision,98.2972264289856
Recall,98.2592761516571
F1_score,98.27820142524192
