Class,IoU
Background,99.012215
Pier,81.564674
Girder,96.93945
Deck,65.822784
Parapet,80.78034
