Class,IoU
Background,97.17997
Pier,88.44665
Girder,93.66677
Deck,79.03226
Parapet,66.15831
