Metric,Value
mIoU,89.4574761390686
OA,97.76366949081421
mAcc,95.33870816230774
Precision,97.78587222099304
Recall,97.76366949081421
F1_score,97.77472090184216
