Class,IoU
Background,98.23303
Pier,84.50292
Girder,98.57903
Deck,86.86274
Parapet,91.26984
