Class,IoU
Background,96.54835
Pier,82.09237
Girder,96.05533
Deck,88.12923
Parapet,64.97298
