Metric,Value
mIoU,84.12140607833862
OA,95.4052746295929
mAcc,91.30541682243347
Precision,95.63881158828735
Recall,95.40526866912842
F1_score,95.52184734415046
