Class,IoU
Background,95.72109
Pier,94.70649
Girder,94.40355
Deck,94.3006
Parapet,70.127914
