Metric,Value
mIoU,75.30295252799988
OA,98.5400378704071
mAcc,77.77427434921265
Precision,98.56473207473755
Recall,98.5400378704071
F1_score,98.55233906941709
