Metric,Value
mIoU,62.684667110443115
OA,80.2197277545929
mAcc,78.10803651809692
Precision,84.66195464134216
Recall,80.2197277545929
F1_score,82.3809491023542
