Class,Accuracy
Background,99.44563
Pier,85.892494
Girder,99.009445
Deck,93.436295
Parapet,98.90966
