Metric,Value
mIoU,87.40859031677246
OA,96.8994140625
mAcc,93.77011060714722
Precision,97.09699153900146
Recall,96.8994140625
F1_score,96.9980508503021
