Class,IoU
Background,97.5984
Pier,91.74572
Girder,97.785164
Deck,79.099464
Parapet,46.551723
