Class,IoU
Background,96.06308
Pier,92.96912
Girder,95.318054
Deck,89.189186
Parapet,97.77448
