Class,IoU
Background,76.15439
Pier,44.177094
Girder,93.453476
Deck,96.82898
Parapet,74.23714
