Class,IoU
Background,95.85718
Pier,87.30914
Girder,92.42146
Deck,85.638565
Parapet,59.38069
