Class,Accuracy
Background,97.96407
Pier,95.25713
Girder,99.987144
Deck,89.93711
Parapet,99.246994
