Class,IoU
Background,98.627594
Pier,87.9739
Girder,98.56073
Deck,86.53062
Parapet,90.95744
