Metric,Value
mIoU,59.74976420402527
OA,90.4711902141571
mAcc,65.4147744178772
Precision,90.40275812149048
Recall,90.4711902141571
F1_score,90.43691334089327
