Metric,Value
mIoU,56.011152267456055
OA,90.5590832233429
mAcc,66.18669033050537
Precision,91.0592794418335
Recall,90.55908918380737
F1_score,90.80844527121076
