Class,IoU
Background,98.21596
Pier,88.98107
Girder,97.534805
Deck,77.01284
Parapet,94.35708
