Metric,Value
mIoU,77.21284627914429
OA,91.5966808795929
mAcc,85.49531698226929
Precision,92.42294430732727
Recall,91.59667491912842
F1_score,92.00790974160722
