Class,Accuracy
Background,99.88438
Pier,85.15027
Girder,99.688545
Deck,90.778694
Parapet,98.92473
