Metric,Value
mIoU,91.88951253890991
OA,98.47656488418579
mAcc,94.88531947135925
Precision,98.48734140396118
Recall,98.47655892372131
F1_score,98.48189556163513
