Metric,Value
mIoU,66.55014753341675
OA,94.27734613418579
mAcc,71.80175185203552
Precision,94.30434703826904
Recall,94.27734613418579
F1_score,94.29079416021892
