Class,IoU
Background,92.99333
Pier,93.85917
Girder,86.48686
Deck,72.1519
Parapet,31.688643
