Metric,Value
mIoU,86.81203126907349
OA,96.72607183456421
mAcc,89.51017260551453
Precision,96.73259854316711
Recall,96.72607779502869
F1_score,96.72928834265653
