Metric,Value
mIoU,71.44400477409363
OA,98.3081042766571
mAcc,75.95332860946655
Precision,98.40328693389893
Recall,98.3081042766571
F1_score,98.355617670343
