Class,IoU
Background,18.181818
Pier,57.612083
Girder,93.111725
Deck,83.33959
Parapet,68.52094
