Metric,Value
mIoU,94.26279067993164
OA,97.31689691543579
mAcc,96.47849202156067
Precision,97.3385751247406
Recall,97.31689095497131
F1_score,97.32767919450292
