Metric,Value
mIoU,84.89679098129272
OA,96.1376965045929
mAcc,92.37254858016968
Precision,96.41055464744568
Recall,96.13770246505737
F1_score,96.2738875728927
