Class,IoU
Background,98.1555
Pier,83.598236
Girder,96.51198
Deck,84.46771
Parapet,84.553925
