Class,IoU
Background,87.54966
Pier,64.272026
Girder,88.42388
Deck,87.551155
Parapet,58.26753
