Metric,Value
mIoU,91.22034311294556
OA,98.16650152206421
mAcc,95.64720392227173
Precision,98.19856286048889
Recall,98.16650152206421
F1_score,98.1824741605974
