Metric,Value
mIoU,85.55965423583984
OA,97.28027582168579
mAcc,93.17560195922852
Precision,97.53686785697937
Recall,97.28028178215027
F1_score,97.40835524077221
