Metric,Value
mIoU,76.9702136516571
OA,93.86230707168579
mAcc,86.06373071670532
Precision,93.88383030891418
Recall,93.86230707168579
F1_score,93.87301270610422
