Class,IoU
Background,97.20937
Pier,95.66539
Girder,92.38841
Deck,85.787544
Parapet,77.039276
