Metric,Value
mIoU,89.85193371772766
OA,96.95800542831421
mAcc,95.38774490356445
Precision,97.03930616378784
Recall,96.95801138877869
F1_score,96.99859333035823
