Class,IoU
Background,95.19227
Pier,92.17354
Girder,83.905914
Deck,64.43422
Parapet,38.36048
