Class,Accuracy
Background,99.974495
Pier,85.92814
Girder,95.699814
Deck,93.280106
Parapet,72.66829
