Metric,Value
mIoU,66.30657315254211
OA,95.3076183795929
mAcc,71.68025374412537
Precision,95.50324082374573
Recall,95.30761241912842
F1_score,95.40528040157638
