Metric,Value
mIoU,87.0040774345398
OA,97.27783203125
mAcc,92.66393780708313
Precision,97.33787775039673
Recall,97.27783203125
F1_score,97.30779551260716
