Metric,Value
mIoU,64.1532301902771
OA,92.9003894329071
mAcc,75.57196021080017
Precision,94.1997230052948
Recall,92.9003894329071
F1_score,93.5454940083842
