Class,IoU
Background,66.23881
Pier,71.82109
Girder,76.17352
Deck,67.55332
Parapet,31.636599
