Class,Accuracy
Background,99.77533
Pier,89.841064
Girder,98.9391
Deck,91.034485
Parapet,98.646034
