Class,IoU
Background,94.69361
Pier,89.825676
Girder,93.193245
Deck,83.173164
Parapet,61.440384
