Class,Accuracy
Background,98.510315
Pier,92.02577
Girder,96.796844
Deck,85.683464
Parapet,85.1297
