Metric,Value
mIoU,84.46521759033203
OA,95.25651931762695
mAcc,91.62921905517578
Precision,95.47359347343445
Recall,95.25653123855591
F1_score,95.36489095299451
