Class,IoU
Background,88.035576
Abutment,90.40066
Girder,92.89406
Deck,97.901306
Parapet,98.75489
