Metric,Value
mIoU,93.59729886054993
OA,97.22029566764832
mAcc,96.96515798568726
Precision,97.30610847473145
Recall,97.2203016281128
F1_score,97.26313536192141
