Class,IoU
Background,88.653305
Abutment,92.279175
Girder,92.911964
Deck,97.28619
Parapet,98.98059
