Metric,Value
mIoU,94.02223825454712
OA,97.42740392684937
mAcc,97.11102247238159
Precision,97.46052026748657
Recall,97.42740392684937
F1_score,97.44391143376771
