Metric,Value
mIoU,92.8889274597168
OA,96.42716646194458
mAcc,95.84396481513977
Precision,96.43629789352417
Recall,96.42716646194458
F1_score,96.43168434473782
