Class,IoU
Background,92.85714
Pier,95.987656
Girder,95.297806
Deck,97.62712
Parapet,98.03536
