Class,IoU
Background,88.31169
Pier,92.30769
Girder,90.9375
Deck,95.34883
Parapet,95.978065
