Class,Accuracy
Background,94.202896
Pier,97.798744
Girder,98.064514
Deck,98.630135
Parapet,99.20477
