Metric,Value
mIoU,92.57675409317017
OA,96.76331877708435
mAcc,95.79851031303406
Precision,96.86508178710938
Recall,96.76331877708435
F1_score,96.81411816194385
