Class,IoU
Background,99.99999
Pier,91.30435
Girder,89.88096
Deck,95.8042
Parapet,97.40741
