Metric,Value
mIoU,94.87937688827515
OA,97.07057476043701
mAcc,97.12675213813782
Precision,97.0880389213562
Recall,97.07056283950806
F1_score,97.07925225472758
