Metric,Value
mIoU,92.02417135238647
OA,96.54017686843872
mAcc,94.9212372303009
Precision,96.56891226768494
Recall,96.54017686843872
F1_score,96.55449441972411
