Metric,Value
mIoU,95.96101641654968
OA,98.32439422607422
mAcc,97.58021235466003
Precision,98.32676649093628
Recall,98.3244001865387
F1_score,98.32553169424568
