Class,IoU
Background,94.02985
Pier,96.24329
Girder,87.63636
Deck,90.927025
Parapet,95.60811
