Class,IoU
Background,93.25762
Pier,94.31582
Girder,89.15854
Deck,93.60699
Parapet,95.72735
