Metric,Value
mIoU,93.21326017379761
OA,96.6766357421875
mAcc,96.13273739814758
Precision,96.68701887130737
Recall,96.6766357421875
F1_score,96.68177627204642
