Metrics,Group 1,Group 2
MAE (mm),0.3225000000000008,5.8297777777777755
RMSE (mm),0.5594640292279752,6.801432610528132
R²,0.99138582886284,0.10146282244789528
Pearson r,0.9961705172278559,0.8745656690942382
RPE (%),3.5434474492740633,9.276918086489697
