Metrics,Group 1,Group 2
MAE (mm),0.2625,0.9472222222222223
RMSE (mm),0.3464462440264001,1.0995869426491223
R²,0.3839343000128318,0.2785251732641827
Pearson r,0.7904867644756635,0.6235622989193437
RPE (%),6.15227649186932,6.843850146518521
