Class,IoU
Background,94.3917
Pier,98.620964
Girder,94.576996
Deck,93.502174
Parapet,95.12995
