Metric,Value
mIoU,95.24435997009277
OA,97.6175606250763
mAcc,97.62964248657227
Precision,97.63243198394775
Recall,97.61756658554077
F1_score,97.62494681755093
