Metric,Value
mIoU,95.91920971870422
OA,97.81838059425354
mAcc,97.7192759513855
Precision,97.83217906951904
Recall,97.81838655471802
F1_score,97.82523520125592
