File,mIoU,Accuracy,F1_Score
cb6.h5,95.91920971870422,97.81838059425354,97.82523520125592
cb9.h5,95.24435997009277,97.6175606250763,97.62494681755093
