Class,IoU
Background,96.768166
Pier,98.752495
Girder,94.82237
Deck,93.68898
Parapet,95.56398
