Class,Accuracy
Background,98.201584
Pier,99.31782
Girder,97.08812
Deck,95.129105
Parapet,98.859764
