Class,IoU
Background,95.58537
Pier,98.68788
Girder,94.70181
Deck,93.597336
Parapet,95.35098
