Metric,Value
mIoU,95.58467864990234
OA,97.71982431411743
mAcc,97.67528772354126
Precision,97.73304462432861
Recall,97.71982431411743
F1_score,97.7263825718324
