Case,Label,Original Length,Original Width,Estimated Length,Estimated Width,Relative Error
b3-1,1,13.678658450473806,9.68981597401174,10.056650592030255,8.728882903914043,0.1819810032268059
b5-1,1,18.50122371487531,8.3491163501749,17.244896677974783,8.247918640682888,0.040012923362564866
b7-1,1,18.939726919194044,4.002832644044581,17.14756513070173,3.941811807294069,0.05493444624804823
b3-2,2,12.975645382161508,8.91951088877589,12.105386012009422,8.02548261247167,0.08365077920188393
b5-2,2,19.26109516936139,7.649618219095014,19.73198843561071,6.948213981862024,0.058069650555544805
b7-2,2,19.514426348858688,3.9472546906513744,18.26554215326838,2.5934339645859006,0.2034878979363747
b3-3,3,12.998575625398054,9.616003644916837,10.3721604003761,9.021722715754425,0.13192765841406784
b5-3,3,17.48090690425618,8.158500918457582,15.042946898305273,8.512338506462491,0.09141728880940153
b7-3,3,18.729486119793815,4.137046440177462,16.632556818516377,3.8852021284293587,0.08641705478881677
