Case,Label,Original Length,Original Width,Estimated Length,Estimated Width,Relative Error
b3-1,1,13.678658450473806,9.68981597401174,10.132784644441495,8.473613875035218,0.19237007962868213
b5-1,1,18.50122371487531,8.3491163501749,16.0106257306188,8.27531492014267,0.07172872179143987
b7-1,1,18.939726919194044,4.002832644044581,17.686891068236424,3.8789402457902913,0.048549875547167276
b3-2,2,12.975645382161508,8.91951088877589,11.256229698226349,7.538203319407313,0.14368729780006823
b5-2,2,19.26109516936139,7.649618219095014,18.874517659757416,6.784721504961585,0.0665672085575102
b7-2,2,19.514426348858688,3.9472546906513744,18.559667836897553,2.6191868104747393,0.19268966791710412
b3-3,3,12.998575625398054,9.616003644916837,11.78732338578551,9.059152463903732,0.07554612688488926
b5-3,3,17.48090690425618,8.158500918457582,16.199502835180194,8.038178028511199,0.044025613700064144
b7-3,3,18.729486119793815,4.137046440177462,16.801812879519645,3.878944203601132,0.08265494392660029
