model_name,parameters,model_size_mb,gpu_memory_usage_mb,cpu_memory_usage_mb,inference_time_ms,flops_g,training_time_per_epoch_s,points_per_second
PointNet,3224590,12.345367431640625,196.87109375,815.6796875,1.7493629455566406,0,0.16371002197265624,2341423.7796700723
DGCNN,1546245,5.914623260498047,1227.7236328125,1006.21484375,7.676486968994141,0,0.29931821823120114,533577.4054647688
PointNet2,810501,3.1163597106933594,714.16845703125,1097.984375,317.5377869606018,0,3.5587543487548827,12899.252209338498
BridgeSeg,7936698,30.349288940429688,1589.0380859375,1177.10546875,406.6473340988159,0,5.447773361206054,10072.609990367393
RandLA-Net,1162369,4.449077606201172,260.966796875,1180.06640625,3.947553634643555,0,0.17527856826782226,1037604.6481176815
