model_name,parameters,model_size_mb,gpu_memory_usage_mb,cpu_memory_usage_mb,inference_time_ms,flops_g,training_time_per_epoch_s,points_per_second
PointNet,3536526,13.538276672363281,112.96484375,901.28515625,3.97603988647461,0,0.19236159324645996,515085.376021184
DGCNN,1546245,5.914623260498047,910.77734375,1399.0703125,2306.6238832473755,0,46.36165976524353,887.8777397885639
PointNet2,810501,3.1163597106933594,349.91064453125,1470.35546875,833.3127737045288,0,3.565972089767456,2457.6606343084427
SPG,4246800,16.226226806640625,129.255859375,1638.421875,1982.6564359664917,0,12.124392747879028,1032.9575829922621
RandLA-Net,1162369,4.449077606201172,108.89892578125,1689.20703125,537.9667472839355,0,3.399219036102295,3806.926748427962
BridgeSeg,7936698,30.349288940429688,829.583984375,1740.9296875,1056.135025024414,0,5.015056610107422,1939.1459912549133
